Genomic position,Wild-type allele,Mutation allele,Genomic Region,Gene Name,Gene Alias,Gene Direction,Amino acid Change,Codon Change,Antibiotic,SNP Confidence*
6575,C,T,coding,Rv0005,gyrB,+,Arg446Cys,cgt/tgt,fluoroquinolones,Low confidence
6620,G,C,coding,Rv0005,gyrB,+,Asp461His,gac/cac,fluoroquinolones,High confidence
6620,G,A,coding,Rv0005,gyrB,+,Asp461Asn,gac/aac,fluoroquinolones,High confidence
6621,A,C,coding,Rv0005,gyrB,+,Asp461Ala,gac/gcc,fluoroquinolones,High confidence
6734,A,G,coding,Rv0005,gyrB,+,Asn499Asp,aac/gac,fluoroquinolones,High confidence
6735,A,C,coding,Rv0005,gyrB,+,Asn499Thr,aac/acc,fluoroquinolones,High confidence
6736,C,G,coding,Rv0005,gyrB,+,Asn499Lys,aac/aag,fluoroquinolones,High confidence
6737,A,C,coding,Rv0005,gyrB,+,Thr500Pro,acc/ccc,fluoroquinolones,High confidence
6738,C,A,coding,Rv0005,gyrB,+,Thr500Asn,acc/aac,fluoroquinolones,High confidence
6741,A,T,coding,Rv0005,gyrB,+,Glu501Val,gaa/gta,fluoroquinolones,High confidence
6742,A,T,coding,Rv0005,gyrB,+,Glu501Asp,gaa/gat,fluoroquinolones,High confidence
6749,G,A,coding,Rv0005,gyrB,+,Ala504Thr,gcg/acg,fluoroquinolones,Low confidence
6750,C,T,coding,Rv0005,gyrB,+,Ala504Val,gcg/gtg,fluoroquinolones,High confidence
7563,G,T,coding,Rv0006,gyrA,+,Gly88Cys,ggc/tgc,fluoroquinolones,High confidence
7564,G,C,coding,Rv0006,gyrA,+,Gly88Ala,ggc/gcc,fluoroquinolones,High confidence
7566,G,A,coding,Rv0006,gyrA,+,Asp89Asn,gac/aac,fluoroquinolones,Low confidence
7570,C,T,coding,Rv0006,gyrA,+,Ala90Val,gcg/gtg,fluoroquinolones,High confidence
7572,T,C,coding,Rv0006,gyrA,+,Ser91Pro,tcg/ccg,fluoroquinolones,High confidence
7581,G,C,coding,Rv0006,gyrA,+,Asp94His,gac/cac,fluoroquinolones,High confidence
7581,G,A,coding,Rv0006,gyrA,+,Asp94Asn,gac/aac,fluoroquinolones,High confidence
7581,G,T,coding,Rv0006,gyrA,+,Asp94Tyr,gac/tac,fluoroquinolones,High confidence
7582,A,G,coding,Rv0006,gyrA,+,Asp94Gly,gac/ggc,fluoroquinolones,High confidence
7582,A,C,coding,Rv0006,gyrA,+,Asp94Ala,gac/gcc,fluoroquinolones,High confidence
7582,A,T,coding,Rv0006,gyrA,+,Asp94Val,gac/gtc,fluoroquinolones,Low confidence
575729,C,T,coding,Rv0486,mshA,+,Gln128STOP,cag/tag,ethionamide,Low confidence
576164,C,T,coding,Rv0486,mshA,+,Arg273Cys,cgc/tgc,ethionamide,Low confidence
576242,G,T,coding,Rv0486,mshA,+,Gly299Cys,ggc/tgc,ethionamide,Low confidence
576338,C,T,coding,Rv0486,mshA,+,Gln331STOP,cag/tag,ethionamide,Low confidence
576414,G,A,coding,Rv0486,mshA,+,Gly356Asp,ggc/gac,ethionamide,Low confidence
576429,A,C,coding,Rv0486,mshA,+,Glu361Ala,gag/gcg,ethionamide,Low confidence
760314,G,T,coding,Rv0667,rpoB,+,Val170Phe,gtc/ttc,rifampicin,High confidence
761004,A,G,coding,Rv0667,rpoB,+,Thr400Ala,acc/gcc,rifampicin,Low confidence
761093,G,C,coding,Rv0667,rpoB,+,Gln429His,cag/cac,rifampicin,Low confidence
761095,T,C,coding,Rv0667,rpoB,+,Leu430Pro,ctg/ccg,rifampicin,Low confidence
761095,T,G,coding,Rv0667,rpoB,+,Leu430Arg,ctg/cgg,rifampicin,Low confidence
761098,G,T,coding,Rv0667,rpoB,+,Ser431Ile,agc/atc,rifampicin,Low confidence
761098,G,C,coding,Rv0667,rpoB,+,Ser431Thr,agc/acc,rifampicin,Low confidence
761100,C,A,coding,Rv0667,rpoB,+,Gln432Lys,caa/aaa,rifampicin,Low confidence
761101,A,T,coding,Rv0667,rpoB,+,Gln432Leu,caa/cta,rifampicin,High confidence
761101,A,C,coding,Rv0667,rpoB,+,Gln432Pro,caa/cca,rifampicin,Low confidence
761108,G,T,coding,Rv0667,rpoB,+,Met434Ile,atg/att,rifampicin,Low confidence
761109,G,T,coding,Rv0667,rpoB,+,Asp435Tyr,gac/tac,rifampicin,High confidence
761110,A,G,coding,Rv0667,rpoB,+,Asp435Gly,gac/ggc,rifampicin,High confidence
761110,A,T,coding,Rv0667,rpoB,+,Asp435Val,gac/gtc,rifampicin,High confidence
761111,C,G,coding,Rv0667,rpoB,+,Asp435Glu,gac/gag,rifampicin,Low confidence
761120,C,G,coding,Rv0667,rpoB,+,Asn438Lys,aac/aag,rifampicin,Low confidence
761128,C,T,coding,Rv0667,rpoB,+,Ser441Leu,tcg/ttg,rifampicin,Low confidence
761128,C,G,coding,Rv0667,rpoB,+,Ser441Trp,tcg/tgg,rifampicin,Low confidence
761139,C,A,coding,Rv0667,rpoB,+,His445Asn,cac/aac,rifampicin,High confidence
761139,C,G,coding,Rv0667,rpoB,+,His445Asp,cac/gac,rifampicin,High confidence
761139,C,T,coding,Rv0667,rpoB,+,His445Tyr,cac/tac,rifampicin,High confidence
761140,A,C,coding,Rv0667,rpoB,+,His445Pro,cac/ccc,rifampicin,High confidence
761140,A,G,coding,Rv0667,rpoB,+,His445Arg,cac/cgc,rifampicin,High confidence
761140,A,T,coding,Rv0667,rpoB,+,His445Leu,cac/ctc,rifampicin,Low confidence
761141,C,A,coding,Rv0667,rpoB,+,His445Gln,cac/caa,rifampicin,Low confidence
761154,T,G,coding,Rv0667,rpoB,+,Ser450Ala,tcg/gcg,rifampicin,Low confidence
761155,C,G,coding,Rv0667,rpoB,+,Ser450Trp,tcg/tgg,rifampicin,High confidence
761155,C,T,coding,Rv0667,rpoB,+,Ser450Leu,tcg/ttg,rifampicin,High confidence
761161,T,C,coding,Rv0667,rpoB,+,Leu452Pro,ctg/ccg,rifampicin,High confidence
761277,A,T,coding,Rv0667,rpoB,+,Ile491Phe,atc/ttc,rifampicin,High confidence
781687,A,G,coding,Rv0682,rpsL,+,Lys43Arg,aag/agg,rifampicin,High confidence
781821,A,C,coding,Rv0682,rpsL,+,Lys88Gln,aag/cag,rifampicin,Low confidence
781822,A,G,coding,Rv0682,rpsL,+,Lys88Arg,aag/agg,rifampicin,High confidence
801268,T,C,coding,Rv0701,rplC,+,Cys154Arg,tgt/cgt,linezolid,Low confidence
1472337,C,T,ribosomal,MTB000019,rrs,+,---,-,streptomycin,Low confidence
1472358,C,T,ribosomal,MTB000019,rrs,+,---,-,streptomycin,Low confidence
1472359,A,C,ribosomal,MTB000019,rrs,+,---,-,streptomycin,Low confidence
1472362,C,T,ribosomal,MTB000019,rrs,+,---,-,streptomycin,Low confidence
1472750,C,A,ribosomal,MTB000019,rrs,+,---,-,streptomycin,Low confidence
1472751,A,G,ribosomal,MTB000019,rrs,+,---,-,streptomycin,Low confidence
1472752,A,T,ribosomal,MTB000019,rrs,+,---,-,streptomycin,Low confidence
1473246,A,G,ribosomal,MTB000019,rrs,+,---,-,"amikacin, kanamycin, capreomycin",High confidence
1473247,C,T,ribosomal,MTB000019,rrs,+,---,-,"amikacin, kanamycin, capreomycin",High confidence
1473329,G,T,ribosomal,MTB000019,rrs,+,---,-,"amikacin, kanamycin, capreomycin",High confidence
1475956,G,T,ribosomal,MTB000020,rrl,+,---,-,linezolid,Low confidence
1476471,G,T,ribosomal,MTB000020,rrl,+,---,-,linezolid,Low confidence
1673423,G,T,intergenic,Rv1483,fabG1,+,---,-,isoniazid,Low confidence
1673424,A,G,intergenic,Rv1483,fabG1,+,---,-,isoniazid,Low confidence
1673425,C,T,intergenic,Rv1483,fabG1,+,---,-,isoniazid,High confidence
1673432,T,A,intergenic,Rv1483,fabG1,+,---,-,isoniazid,High confidence
1673432,T,C,intergenic,Rv1483,fabG1,+,---,-,isoniazid,High confidence
1674481,T,G,coding,Rv1484,inhA,+,Ser94Ala,tcg/gcg,"isoniazid, ethambutol",High confidence
1674782,T,C,coding,Rv1484,inhA,+,Ile194Thr,atc/acc,"isoniazid, ethambutol",Low confidence
1833909,A,C,coding,Rv1630,rpsA,+,Asp123Ala,gac/gcc,pyrazinamide,Low confidence
1834325,G,A,coding,Rv1630,rpsA,+,Val262Met,gtg/atg,pyrazinamide,Low confidence
1917946,C,T,coding,Rv1694,tlyA,+,Arg3STOP,cga/tga,capreomycin,Low confidence
1917979,C,T,coding,Rv1694,tlyA,+,Arg14Trp,cgg/tgg,capreomycin,Low confidence
1917991,C,T,coding,Rv1694,tlyA,+,Arg18STOP,cga/tga,capreomycin,Low confidence
1918003,C,T,coding,Rv1694,tlyA,+,Gln22STOP,cag/tag,capreomycin,Low confidence
1918139,C,A,coding,Rv1694,tlyA,+,Ala67Glu,gcg/gag,capreomycin,Low confidence
1918144,A,G,coding,Rv1694,tlyA,+,Lys69Glu,aaa/gaa,capreomycin,Low confidence
1918211,C,A,coding,Rv1694,tlyA,+,Ala91Glu,gca/gaa,capreomycin,Low confidence
1918292,T,C,coding,Rv1694,tlyA,+,Leu118Pro,ctg/ccg,capreomycin,Low confidence
1918322,T,A,coding,Rv1694,tlyA,+,Val128Glu,gtg/gag,capreomycin,Low confidence
1918388,T,C,coding,Rv1694,tlyA,+,Leu150Pro,ctg/ccg,capreomycin,Low confidence
1918487,C,T,coding,Rv1694,tlyA,+,Pro183Leu,ccg/ctg,capreomycin,Low confidence
1918489,C,A,coding,Rv1694,tlyA,+,Gln184Lys,cag/aag,capreomycin,Low confidence
1918489,C,T,coding,Rv1694,tlyA,+,Gln184STOP,cag/tag,capreomycin,Low confidence
1918494,T,G,coding,Rv1694,tlyA,+,Phe185Leu,ttt/ttg,capreomycin,Low confidence
1918651,G,A,coding,Rv1694,tlyA,+,Glu238Lys,gag/aag,capreomycin,Low confidence
2102240,G,A,coding,Rv1854c,ndh,-,Arg268His,cgc/cac,"isoniazid, ethionamide",Low confidence
2102715,A,G,coding,Rv1854c,ndh,-,Thr110Ala,acc/gcc,"isoniazid, ethionamide",Low confidence
2155167,C,G,coding,Rv1908c,katG,-,Ser315Arg,agc/agg,isoniazid,Low confidence
2155167,C,A,coding,Rv1908c,katG,-,Ser315Arg,agc/aga,isoniazid,Low confidence
2155168,G,C,coding,Rv1908c,katG,-,Ser315Thr,agc/acc,isoniazid,High confidence
2155168,G,A,coding,Rv1908c,katG,-,Ser315Asn,agc/aac,isoniazid,High confidence
2155168,G,T,coding,Rv1908c,katG,-,Ser315Ile,agc/atc,isoniazid,High confidence
2155169,A,G,coding,Rv1908c,katG,-,Ser315Gly,agc/ggc,isoniazid,High confidence
2155206,C,G,coding,Rv1908c,katG,-,Ser302Arg,agc/agg,isoniazid,Low confidence
2155212,G,C,coding,Rv1908c,katG,-,Trp300Cys,tgg/tgc,isoniazid,Low confidence
2155214,T,G,coding,Rv1908c,katG,-,Trp300Gly,tgg/ggg,isoniazid,High confidence
2155222,G,T,coding,Rv1908c,katG,-,Gly297Val,ggc/gtc,isoniazid,Low confidence
2155289,A,C,coding,Rv1908c,katG,-,Thr275Pro,acc/ccc,isoniazid,High confidence
2155699,A,G,coding,Rv1908c,katG,-,Asn138Ser,aac/agc,isoniazid,Low confidence
2288683,T,C,coding,Rv2043c,pncA,-,STOP187Arg,tga/cga,pyrazinamide,High confidence
2288697,T,C,coding,Rv2043c,pncA,-,Leu182Ser,ttg/tcg,pyrazinamide,High confidence
2288703,T,C,coding,Rv2043c,pncA,-,Val180Ala,gtc/gcc,pyrazinamide,High confidence
2288703,T,G,coding,Rv2043c,pncA,-,Val180Gly,gtc/ggc,pyrazinamide,High confidence
2288704,G,T,coding,Rv2043c,pncA,-,Val180Phe,gtc/ttc,pyrazinamide,Low confidence
2288718,T,C,coding,Rv2043c,pncA,-,Met175Thr,atg/acg,pyrazinamide,High confidence
2288719,A,G,coding,Rv2043c,pncA,-,Met175Val,atg/gtg,pyrazinamide,High confidence
2288727,T,C,coding,Rv2043c,pncA,-,Leu172Pro,ctg/ccg,pyrazinamide,Low confidence
2288730,C,T,coding,Rv2043c,pncA,-,Ala171Val,gcg/gtg,pyrazinamide,Low confidence
2288740,A,C,coding,Rv2043c,pncA,-,Thr168Pro,acc/ccc,pyrazinamide,High confidence
2288752,T,C,coding,Rv2043c,pncA,-,Ser164Pro,tcg/ccg,pyrazinamide,High confidence
2288754,T,C,coding,Rv2043c,pncA,-,Val163Ala,gtg/gcg,pyrazinamide,High confidence
2288757,G,A,coding,Rv2043c,pncA,-,Gly162Asp,ggt/gat,pyrazinamide,Low confidence
2288761,G,C,coding,Rv2043c,pncA,-,Ala161Pro,gcg/ccg,pyrazinamide,High confidence
2288764,A,C,coding,Rv2043c,pncA,-,Thr160Pro,aca/cca,pyrazinamide,High confidence
2288766,T,G,coding,Rv2043c,pncA,-,Leu159Arg,ctg/cgg,pyrazinamide,Low confidence
2288772,T,C,coding,Rv2043c,pncA,-,Val157Ala,gtg/gcg,pyrazinamide,High confidence
2288772,T,G,coding,Rv2043c,pncA,-,Val157Gly,gtg/ggg,pyrazinamide,High confidence
2288778,T,G,coding,Rv2043c,pncA,-,Val155Gly,gtg/ggg,pyrazinamide,High confidence
2288779,G,A,coding,Rv2043c,pncA,-,Val155Met,gtg/atg,pyrazinamide,High confidence
2288782,A,G,coding,Rv2043c,pncA,-,Arg154Gly,agg/ggg,pyrazinamide,Low confidence
2288805,C,T,coding,Rv2043c,pncA,-,Ala146Val,gcg/gtg,pyrazinamide,High confidence
2288805,C,A,coding,Rv2043c,pncA,-,Ala146Glu,gcg/gag,pyrazinamide,Low confidence
2288806,G,C,coding,Rv2043c,pncA,-,Ala146Pro,gcg/ccg,pyrazinamide,High confidence
2288806,G,A,coding,Rv2043c,pncA,-,Ala146Thr,gcg/acg,pyrazinamide,Low confidence
2288817,C,A,coding,Rv2043c,pncA,-,Thr142Lys,acg/aag,pyrazinamide,High confidence
2288817,C,T,coding,Rv2043c,pncA,-,Thr142Met,acg/atg,pyrazinamide,High confidence
2288818,A,G,coding,Rv2043c,pncA,-,Thr142Ala,acg/gcg,pyrazinamide,High confidence
2288820,A,C,coding,Rv2043c,pncA,-,Gln141Pro,cag/ccg,pyrazinamide,Low confidence
2288821,C,T,coding,Rv2043c,pncA,-,Gln141STOP,cag/tag,pyrazinamide,Low confidence
2288823,G,C,coding,Rv2043c,pncA,-,Arg140Pro,cgc/ccc,pyrazinamide,High confidence
2288826,T,G,coding,Rv2043c,pncA,-,Val139Gly,gtg/ggg,pyrazinamide,High confidence
2288827,G,C,coding,Rv2043c,pncA,-,Val139Leu,gtg/ctg,pyrazinamide,High confidence
2288828,T,G,coding,Rv2043c,pncA,-,Cys138Trp,tgt/tgg,pyrazinamide,High confidence
2288830,T,C,coding,Rv2043c,pncA,-,Cys138Arg,tgt/cgt,pyrazinamide,High confidence
2288832,A,G,coding,Rv2043c,pncA,-,His137Arg,cat/cgt,pyrazinamide,High confidence
2288832,A,C,coding,Rv2043c,pncA,-,His137Pro,cat/cct,pyrazinamide,High confidence
2288833,C,G,coding,Rv2043c,pncA,-,His137Asp,cat/gat,pyrazinamide,High confidence
2288836,G,A,coding,Rv2043c,pncA,-,Asp136Asn,gat/aat,pyrazinamide,Low confidence
2288836,G,T,coding,Rv2043c,pncA,-,Asp136Tyr,gat/tat,pyrazinamide,Low confidence
2288838,C,A,coding,Rv2043c,pncA,-,Thr135Asn,acc/aac,pyrazinamide,High confidence
2288839,A,C,coding,Rv2043c,pncA,-,Thr135Pro,acc/ccc,pyrazinamide,High confidence
2288841,C,T,coding,Rv2043c,pncA,-,Ala134Val,gcc/gtc,pyrazinamide,High confidence
2288844,T,C,coding,Rv2043c,pncA,-,Ile133Thr,att/act,pyrazinamide,Low confidence
2288847,G,C,coding,Rv2043c,pncA,-,Gly132Ala,ggt/gct,pyrazinamide,High confidence
2288847,G,A,coding,Rv2043c,pncA,-,Gly132Asp,ggt/gat,pyrazinamide,High confidence
2288848,G,T,coding,Rv2043c,pncA,-,Gly132Cys,ggt/tgt,pyrazinamide,High confidence
2288848,G,A,coding,Rv2043c,pncA,-,Gly132Ser,ggt/agt,pyrazinamide,Low confidence
2288853,T,C,coding,Rv2043c,pncA,-,Val130Ala,gtg/gcg,pyrazinamide,High confidence
2288853,T,G,coding,Rv2043c,pncA,-,Val130Gly,gtg/ggg,pyrazinamide,High confidence
2288857,G,T,coding,Rv2043c,pncA,-,Asp129Tyr,gat/tat,pyrazinamide,High confidence
2288859,T,G,coding,Rv2043c,pncA,-,Val128Gly,gtc/ggc,pyrazinamide,Low confidence
2288868,T,G,coding,Rv2043c,pncA,-,Val125Gly,gtc/ggc,pyrazinamide,High confidence
2288869,G,T,coding,Rv2043c,pncA,-,Val125Phe,gtc/ttc,pyrazinamide,High confidence
2288874,G,C,coding,Rv2043c,pncA,-,Arg123Pro,cgc/ccc,pyrazinamide,High confidence
2288880,G,C,coding,Rv2043c,pncA,-,Arg121Pro,cgg/ccg,pyrazinamide,High confidence
2288883,T,A,coding,Rv2043c,pncA,-,Leu120Gln,ctg/cag,pyrazinamide,High confidence
2288883,T,C,coding,Rv2043c,pncA,-,Leu120Pro,ctg/ccg,pyrazinamide,High confidence
2288883,T,G,coding,Rv2043c,pncA,-,Leu120Arg,ctg/cgg,pyrazinamide,Low confidence
2288885,G,A,coding,Rv2043c,pncA,-,Trp119STOP,tgg/tga,pyrazinamide,Low confidence
2288886,G,C,coding,Rv2043c,pncA,-,Trp119Ser,tgg/tcg,pyrazinamide,High confidence
2288886,G,A,coding,Rv2043c,pncA,-,Trp119STOP,tgg/tag,pyrazinamide,High confidence
2288887,T,C,coding,Rv2043c,pncA,-,Trp119Arg,tgg/cgg,pyrazinamide,High confidence
2288887,T,G,coding,Rv2043c,pncA,-,Trp119Gly,tgg/ggg,pyrazinamide,High confidence
2288895,T,G,coding,Rv2043c,pncA,-,Leu116Arg,ctg/cgg,pyrazinamide,High confidence
2288895,T,C,coding,Rv2043c,pncA,-,Leu116Pro,ctg/ccg,pyrazinamide,High confidence
2288902,A,C,coding,Rv2043c,pncA,-,Thr114Pro,acg/ccg,pyrazinamide,Low confidence
2288920,G,A,coding,Rv2043c,pncA,-,Gly108Arg,gga/aga,pyrazinamide,High confidence
2288920,G,C,coding,Rv2043c,pncA,-,Gly108Arg,gga/cga,pyrazinamide,High confidence
2288928,G,A,coding,Rv2043c,pncA,-,Gly105Asp,ggc/gac,pyrazinamide,High confidence
2288930,C,A,coding,Rv2043c,pncA,-,Ser104Arg,agc/aga,pyrazinamide,High confidence
2288931,G,T,coding,Rv2043c,pncA,-,Ser104Ile,agc/atc,pyrazinamide,High confidence
2288933,C,G,coding,Rv2043c,pncA,-,Tyr103STOP,tac/tag,pyrazinamide,High confidence
2288934,A,G,coding,Rv2043c,pncA,-,Tyr103Cys,tac/tgc,pyrazinamide,High confidence
2288934,A,C,coding,Rv2043c,pncA,-,Tyr103Ser,tac/tcc,pyrazinamide,Low confidence
2288935,T,G,coding,Rv2043c,pncA,-,Tyr103Asp,tac/gac,pyrazinamide,High confidence
2288938,G,A,coding,Rv2043c,pncA,-,Ala102Thr,gcg/acg,pyrazinamide,High confidence
2288944,A,G,coding,Rv2043c,pncA,-,Thr100Ala,acc/gcc,pyrazinamide,High confidence
2288944,A,C,coding,Rv2043c,pncA,-,Thr100Pro,acc/ccc,pyrazinamide,High confidence
2288945,C,A,coding,Rv2043c,pncA,-,Tyr99STOP,tac/taa,pyrazinamide,High confidence
2288952,G,C,coding,Rv2043c,pncA,-,Gly97Ala,ggt/gct,pyrazinamide,High confidence
2288952,G,A,coding,Rv2043c,pncA,-,Gly97Asp,ggt/gat,pyrazinamide,High confidence
2288953,G,A,coding,Rv2043c,pncA,-,Gly97Ser,ggt/agt,pyrazinamide,Low confidence
2288954,G,A,coding,Rv2043c,pncA,-,Lys96Asn,aag/aac,pyrazinamide,High confidence
2288955,A,G,coding,Rv2043c,pncA,-,Lys96Arg,aag/agg,pyrazinamide,High confidence
2288955,A,C,coding,Rv2043c,pncA,-,Lys96Thr,aag/acg,pyrazinamide,High confidence
2288956,A,C,coding,Rv2043c,pncA,-,Lys96Gln,aag/cag,pyrazinamide,High confidence
2288956,A,G,coding,Rv2043c,pncA,-,Lys96Glu,aag/gag,pyrazinamide,Low confidence
2288957,C,G,coding,Rv2043c,pncA,-,Tyr95STOP,tac/tag,pyrazinamide,High confidence
2288960,C,A,coding,Rv2043c,pncA,-,Phe94Leu,ttc/tta,pyrazinamide,High confidence
2288960,C,G,coding,Rv2043c,pncA,-,Phe94Leu,ttc/ttg,pyrazinamide,High confidence
2288961,T,G,coding,Rv2043c,pncA,-,Phe94Cys,ttc/tgc,pyrazinamide,High confidence
2288961,T,C,coding,Rv2043c,pncA,-,Phe94Ser,ttc/tcc,pyrazinamide,High confidence
2288962,T,C,coding,Rv2043c,pncA,-,Phe94Leu,ttc/ctc,pyrazinamide,High confidence
2288971,G,T,coding,Rv2043c,pncA,-,Glu91STOP,gag/tag,pyrazinamide,High confidence
2288982,C,T,coding,Rv2043c,pncA,-,Thr87Met,acg/atg,pyrazinamide,Low confidence
2288988,T,G,coding,Rv2043c,pncA,-,Leu85Arg,ctg/cgg,pyrazinamide,High confidence
2288988,T,C,coding,Rv2043c,pncA,-,Leu85Pro,ctg/ccg,pyrazinamide,Low confidence
2288997,A,G,coding,Rv2043c,pncA,-,His82Arg,cat/cgt,pyrazinamide,High confidence
2288998,C,G,coding,Rv2043c,pncA,-,His82Asp,cat/gat,pyrazinamide,High confidence
2289000,T,G,coding,Rv2043c,pncA,-,Phe81Cys,ttc/tgc,pyrazinamide,High confidence
2289000,T,C,coding,Rv2043c,pncA,-,Phe81Ser,ttc/tcc,pyrazinamide,High confidence
2289001,T,G,coding,Rv2043c,pncA,-,Phe81Val,ttc/gtc,pyrazinamide,High confidence
2289016,A,C,coding,Rv2043c,pncA,-,Thr76Pro,act/cct,pyrazinamide,Low confidence
2289028,T,C,coding,Rv2043c,pncA,-,Cys72Arg,tgc/cgc,pyrazinamide,High confidence
2289029,T,A,coding,Rv2043c,pncA,-,His71Gln,cat/caa,pyrazinamide,High confidence
2289030,A,G,coding,Rv2043c,pncA,-,His71Arg,cat/cgt,pyrazinamide,High confidence
2289031,C,T,coding,Rv2043c,pncA,-,His71Tyr,cat/tat,pyrazinamide,Low confidence
2289036,C,T,coding,Rv2043c,pncA,-,Pro69Leu,cca/cta,pyrazinamide,Low confidence
2289038,G,C,coding,Rv2043c,pncA,-,Trp68Cys,tgg/tgc,pyrazinamide,High confidence
2289038,G,T,coding,Rv2043c,pncA,-,Trp68Cys,tgg/tgt,pyrazinamide,High confidence
2289039,G,A,coding,Rv2043c,pncA,-,Trp68STOP,tgg/tag,pyrazinamide,High confidence
2289039,G,C,coding,Rv2043c,pncA,-,Trp68Ser,tgg/tcg,pyrazinamide,Low confidence
2289040,T,C,coding,Rv2043c,pncA,-,Trp68Arg,tgg/cgg,pyrazinamide,Low confidence
2289040,T,G,coding,Rv2043c,pncA,-,Trp68Gly,tgg/ggg,pyrazinamide,Low confidence
2289043,T,C,coding,Rv2043c,pncA,-,Ser67Pro,tcg/ccg,pyrazinamide,High confidence
2289050,T,G,coding,Rv2043c,pncA,-,Tyr64STOP,tat/tag,pyrazinamide,High confidence
2289052,T,G,coding,Rv2043c,pncA,-,Tyr64Asp,tat/gat,pyrazinamide,Low confidence
2289054,A,G,coding,Rv2043c,pncA,-,Asp63Gly,gac/ggc,pyrazinamide,Low confidence
2289057,C,T,coding,Rv2043c,pncA,-,Pro62Leu,ccg/ctg,pyrazinamide,High confidence
2289061,A,C,coding,Rv2043c,pncA,-,Thr61Pro,aca/cca,pyrazinamide,Low confidence
2289068,C,A,coding,Rv2043c,pncA,-,Phe58Leu,ttc/tta,pyrazinamide,High confidence
2289068,C,G,coding,Rv2043c,pncA,-,Phe58Leu,ttc/ttg,pyrazinamide,High confidence
2289070,T,C,coding,Rv2043c,pncA,-,Phe58Leu,ttc/ctc,pyrazinamide,High confidence
2289071,C,G,coding,Rv2043c,pncA,-,His57Gln,cac/ag ,pyrazinamide,High confidence
2289072,A,G,coding,Rv2043c,pncA,-,His57Arg,cac/cgc,pyrazinamide,High confidence
2289072,A,C,coding,Rv2043c,pncA,-,His57Pro,cac/ccc,pyrazinamide,High confidence
2289073,C,G,coding,Rv2043c,pncA,-,His57Asp,cac/gac,pyrazinamide,Low confidence
2289073,C,T,coding,Rv2043c,pncA,-,His57Tyr,cac/tac,pyrazinamide,Low confidence
2289081,C,G,coding,Rv2043c,pncA,-,Pro54Arg,ccg/cgg,pyrazinamide,High confidence
2289081,C,A,coding,Rv2043c,pncA,-,Pro54Gln,ccg/cag,pyrazinamide,High confidence
2289081,C,T,coding,Rv2043c,pncA,-,Pro54Leu,ccg/ctg,pyrazinamide,Low confidence
2289082,C,T,coding,Rv2043c,pncA,-,Pro54Ser,ccg/tcg,pyrazinamide,High confidence
2289089,C,A,coding,Rv2043c,pncA,-,His51Gln,cac/caa,pyrazinamide,High confidence
2289090,A,G,coding,Rv2043c,pncA,-,His51Arg,cac/cgc,pyrazinamide,High confidence
2289090,A,C,coding,Rv2043c,pncA,-,His51Pro,cac/ccc,pyrazinamide,High confidence
2289091,C,T,coding,Rv2043c,pncA,-,His51Tyr,cac/tac,pyrazinamide,High confidence
2289096,A,C,coding,Rv2043c,pncA,-,Asp49Ala,gac/gcc,pyrazinamide,Low confidence
2289096,A,G,coding,Rv2043c,pncA,-,Asp49Gly,gac/ggc,pyrazinamide,Low confidence
2289097,G,A,coding,Rv2043c,pncA,-,Asp49Asn,gac/aac,pyrazinamide,High confidence
2289100,A,G,coding,Rv2043c,pncA,-,Lys48Glu,aag/gag,pyrazinamide,High confidence
2289100,A,T,coding,Rv2043c,pncA,-,Lys48STOP,aag/tag,pyrazinamide,High confidence
2289103,A,C,coding,Rv2043c,pncA,-,Thr47Pro,acc/ccc,pyrazinamide,High confidence
2289103,A,G,coding,Rv2043c,pncA,-,Thr47Ala,acc/gcc,pyrazinamide,Low confidence
2289108,T,G,coding,Rv2043c,pncA,-,Val45Gly,gtg/ggg,pyrazinamide,Low confidence
2289111,T,G,coding,Rv2043c,pncA,-,Val44Gly,gtc/ggc,pyrazinamide,High confidence
2289133,G,T,coding,Rv2043c,pncA,-,Glu37top,gaa/taa,pyrazinamide,High confidence
2289138,T,C,coding,Rv2043c,pncA,-,Leu35Pro,ctg/ccg,pyrazinamide,High confidence
2289140,C,G,coding,Rv2043c,pncA,-,Tyr34STOP,tac/tag,pyrazinamide,High confidence
2289150,T,G,coding,Rv2043c,pncA,-,Ile31Ser,atc/agc,pyrazinamide,High confidence
2289159,C,A,coding,Rv2043c,pncA,-,Ala28Asp,gcc/gac,pyrazinamide,Low confidence
2289162,T,C,coding,Rv2043c,pncA,-,Leu27Pro,ctg/ccg,pyrazinamide,High confidence
2289171,G,A,coding,Rv2043c,pncA,-,Gly24Asp,ggc/gac,pyrazinamide,High confidence
2289180,T,G,coding,Rv2043c,pncA,-,Val21Gly,gta/gga,pyrazinamide,High confidence
2289186,T,C,coding,Rv2043c,pncA,-,Leu19Pro,ctg/ccg,pyrazinamide,High confidence
2289193,G,A,coding,Rv2043c,pncA,-,Gly17Ser,ggc/agc,pyrazinamide,High confidence
2289200,C,A,coding,Rv2043c,pncA,-,Cys14STOP,tgc/tga,pyrazinamide,High confidence
2289201,G,A,coding,Rv2043c,pncA,-,Cys14Tyr,tgc/tac,pyrazinamide,Low confidence
2289202,T,C,coding,Rv2043c,pncA,-,Cys14Arg,tgc/cgc,pyrazinamide,High confidence
2289203,C,G,coding,Rv2043c,pncA,-,Phe13Leu,ttc/ttg,pyrazinamide,High confidence
2289204,T,C,coding,Rv2043c,pncA,-,Phe13Ser,ttc/tcc,pyrazinamide,Low confidence
2289206,C,G,coding,Rv2043c,pncA,-,Asp12Glu,gac/gag,pyrazinamide,High confidence
2289207,A,C,coding,Rv2043c,pncA,-,Asp12Ala,gac/gcc,pyrazinamide,High confidence
2289208,G,A,coding,Rv2043c,pncA,-,Asp12Asn,gac/aac,pyrazinamide,Low confidence
2289213,A,G,coding,Rv2043c,pncA,-,Gln10Arg,cag/cgg,pyrazinamide,Low confidence
2289213,A,C,coding,Rv2043c,pncA,-,Gln10Pro,cag/ccg,pyrazinamide,Low confidence
2289214,C,A,coding,Rv2043c,pncA,-,Gln10Lys,cag/aag,pyrazinamide,High confidence
2289216,T,C,coding,Rv2043c,pncA,-,Val9Ala,gtg/gcg,pyrazinamide,Low confidence
2289216,T,G,coding,Rv2043c,pncA,-,Val9Gly,gtg/ggg,pyrazinamide,Low confidence
2289218,C,A,coding,Rv2043c,pncA,-,Asp8Glu,gac/gaa,pyrazinamide,High confidence
2289219,A,C,coding,Rv2043c,pncA,-,Asp8Ala,gac/gcc,pyrazinamide,High confidence
2289219,A,G,coding,Rv2043c,pncA,-,Asp8Gly,gac/ggc,pyrazinamide,Low confidence
2289220,G,A,coding,Rv2043c,pncA,-,Asp8Asn,gac/aac,pyrazinamide,High confidence
2289222,T,G,coding,Rv2043c,pncA,-,Val7Gly,gtc/ggc,pyrazinamide,High confidence
2289222,T,A,coding,Rv2043c,pncA,-,Val7Asp,gtc/gac,pyrazinamide,Low confidence
2289223,G,T,coding,Rv2043c,pncA,-,Val7Phe,gtc/ttc,pyrazinamide,High confidence
2289225,T,C,coding,Rv2043c,pncA,-,Ile6Thr,atc/acc,pyrazinamide,High confidence
2289231,T,G,coding,Rv2043c,pncA,-,Leu4Ser,ttg/tcg,pyrazinamide,High confidence
2289231,T,G,coding,Rv2043c,pncA,-,Leu4Trp,ttg/tgg,pyrazinamide,Low confidence
2289234,C,A,coding,Rv2043c,pncA,-,Ala3Glu,gcg/gag,pyrazinamide,High confidence
2289235,G,C,coding,Rv2043c,pncA,-,Ala3Pro,gcg/ccg,pyrazinamide,Low confidence
2289239,G,A,coding,Rv2043c,pncA,-,Met1Ile,atg/ata,pyrazinamide,High confidence
2289239,G,T,coding,Rv2043c,pncA,-,Met1Ile,atg/att,pyrazinamide,Low confidence
2289240,T,A,coding,Rv2043c,pncA,-,Met1Lys,atg/aag,pyrazinamide,High confidence
2289240,T,C,coding,Rv2043c,pncA,-,Met1Thr,atg/acg,pyrazinamide,High confidence
2289248,T,C,intergenic,Rv2043c,pncA,-,---,-,pyrazinamide,High confidence
2289248,T,G,intergenic,Rv2043c,pncA,-,---,-,pyrazinamide,High confidence
2289252,A,G,intergenic,Rv2043c,pncA,-,---,-,pyrazinamide,High confidence
2289252,A,C,intergenic,Rv2043c,pncA,-,---,-,pyrazinamide,High confidence
2289252,A,T,intergenic,Rv2043c,pncA,-,---,-,pyrazinamide,High confidence
2715342,G,A,intergenic,Rv2416c,eis,-,---,-,kanamycin,Low confidence
2715346,C,T,intergenic,Rv2416c,eis,-,---,-,kanamycin,Low confidence
2726136,C,T,intergenic,Rv2428,ahpC,+,---,-,isoniazid,Low confidence
2726145,G,A,intergenic,Rv2428,ahpC,+,---,-,isoniazid,Low confidence
3073808,C,G,coding,Rv2764c,thyA,-,Arg222Gly,cgc/ggc,para-aminosalicylic acid,Low confidence
4241078,A,G,coding,Rv3793,embC,+,Ile406Val,atc/gtc,ethambutol,Low confidence
4243221,C,T,intergenic,Rv3794,embA,+,---,-,ethambutol,Low confidence
4243225,C,A,intergenic,Rv3794,embA,+,---,-,ethambutol,Low confidence
4243242,G,A,coding,Rv3794,embA,+,Asp4Asn,gac/aac,ethambutol,Low confidence
4243245,G,A,coding,Rv3794,embA,+,Gly5Ser,ggt/agt,ethambutol,Low confidence
4243833,G,A,coding,Rv3794,embA,+,Ala201Thr,gcg/acg,ethambutol,Low confidence
4244193,G,A,coding,Rv3794,embA,+,Gly321Ser,ggc/agc,ethambutol,Low confidence
4244281,G,A,coding,Rv3794,embA,+,Gly350Asp,ggc/gac,ethambutol,Low confidence
4244617,C,T,coding,Rv3794,embA,+,Ala462Val,gcg/gtg,ethambutol,Low confidence
4245730,A,C,coding,Rv3794,embA,+,Asp833Ala,gac/gcc,ethambutol,Low confidence
4246734,T,G,coding,Rv3795,embB,+,Leu74Arg,ctg/cgg,ethambutol,Low confidence
4247402,T,G,coding,Rv3795,embB,+,Ser297Ala,tcg/gcg,ethambutol,Low confidence
4247429,A,G,coding,Rv3795,embB,+,Met306Val,atg/gtg,ethambutol,High confidence
4247429,A,C,coding,Rv3795,embB,+,Met306Leu,atg/ctg,ethambutol,High confidence
4247430,T,C,coding,Rv3795,embB,+,Met306Thr,atg/acg,ethambutol,High confidence
4247431,G,A,coding,Rv3795,embB,+,Met306Ile,atg/ata,ethambutol,High confidence
4247431,G,C,coding,Rv3795,embB,+,Met306Ile,atg/atc,ethambutol,High confidence
4247431,G,T,coding,Rv3795,embB,+,Met306Ile,atg/att,ethambutol,High confidence
4247469,A,C,coding,Rv3795,embB,+,Tyr319Ser,tat/tct,ethambutol,Low confidence
4247495,G,T,coding,Rv3795,embB,+,Asp328Tyr,gat/tat,ethambutol,Low confidence
4247496,A,G,coding,Rv3795,embB,+,Asp328Gly,gat/ggt,ethambutol,Low confidence
4247507,T,C,coding,Rv3795,embB,+,Trp332Arg,tgg/cgg,ethambutol,Low confidence
4247513,T,C,coding,Rv3795,embB,+,Tyr334His,tac/cac,ethambutol,Low confidence
4247573,G,A,coding,Rv3795,embB,+,Asp354Asn,gac/aac,ethambutol,Low confidence
4247717,C,G,coding,Rv3795,embB,+,Leu402Val,ctg/gtg,ethambutol,Low confidence
4247723,C,T,coding,Rv3795,embB,+,Pro404Ser,ccg/tcg,ethambutol,Low confidence
4247729,G,A,coding,Rv3795,embB,+,Gly406Ser,ggc/agc,ethambutol,High confidence
4247729,G,T,coding,Rv3795,embB,+,Gly406Cys,ggc/tgc,ethambutol,High confidence
4247730,G,C,coding,Rv3795,embB,+,Gly406Ala,ggc/gcc,ethambutol,High confidence
4247730,G,A,coding,Rv3795,embB,+,Gly406Asp,ggc/gac,ethambutol,High confidence
4247863,C,G,coding,Rv3795,embB,+,Ile450Met,atc/atg,ethambutol,Low confidence
4247873,G,A,coding,Rv3795,embB,+,Ala454Thr,gcg/acg,ethambutol,Low confidence
4248002,C,A,coding,Rv3795,embB,+,Gln497Lys,cag/aag,ethambutol,Low confidence
4248003,A,G,coding,Rv3795,embB,+,Gln497Arg,cag/cgg,ethambutol,High confidence
4248747,G,A,coding,Rv3795,embB,+,Gly745Asp,ggc/gac,ethambutol,Low confidence
4249518,A,G,coding,Rv3795,embB,+,His1002Arg,cac/cgc,ethambutol,Low confidence
4326087,C,A,coding,Rv3854c,ethA,-,Arg463Ser,cgt/agt,ethionamide,Low confidence
4326236,G,A,coding,Rv3854c,ethA,-,Gly413Asp,ggt/gat,ethionamide,Low confidence
4326300,A,G,coding,Rv3854c,ethA,-,Thr392Ala,acg/gcg,ethionamide,Low confidence
4326320,G,A,coding,Rv3854c,ethA,-,Gly385Asp,ggc/gac,ethionamide,Low confidence
4326333,G,C,coding,Rv3854c,ethA,-,Ala381Pro,gcc/ccc,ethionamide,Low confidence
4326449,C,A,coding,Rv3854c,ethA,-,Thr342Lys,acg/aag,ethionamide,Low confidence
4326461,T,G,coding,Rv3854c,ethA,-,Ile338Ser,atc/agc,ethionamide,Low confidence
4326738,C,T,coding,Rv3854c,ethA,-,Gln246STOP,cag/tag,ethionamide,Low confidence
4326807,G,A,coding,Rv3854c,ethA,-,Glu223Lys,gag/aag,ethionamide,Low confidence
4326917,C,A,coding,Rv3854c,ethA,-,Thr186Lys,acg/aag,ethionamide,Low confidence
4327224,T,G,coding,Rv3854c,ethA,-,Tyr84Asp,tac/gac,ethionamide,Low confidence
4327301,A,C,coding,Rv3854c,ethA,-,Asp58Ala,gac/gcc,ethionamide,Low confidence
4327307,A,C,coding,Rv3854c,ethA,-,Asp56Ala,gac/gcc,ethionamide,Low confidence
4327322,C,T,coding,Rv3854c,ethA,-,Pro51Leu,ccc/ctc,ethionamide,Low confidence
4327346,G,A,coding,Rv3854c,ethA,-,Gly43Asp,ggc/gac,ethionamide,Low confidence
4327347,G,T,coding,Rv3854c,ethA,-,Gly43Cys,ggc/tgc,ethionamide,Low confidence
4407604,C,A,coding,Rv3919c,gidB,-,Ala200Glu,gcg/gag,streptomycin,Low confidence
4407790,C,T,coding,Rv3919c,gidB,-,Ala138Val,gcg/gtg,streptomycin,Low confidence
4407824,C,T,coding,Rv3919c,gidB,-,Gln127STOP,caa/taa,streptomycin,Low confidence
4407931,T,C,coding,Rv3919c,gidB,-,Leu91Pro,cta/cca,streptomycin,Low confidence
4407940,T,C,coding,Rv3919c,gidB,-,Val88Ala,gta/gca,streptomycin,Low confidence
4407992,G,A,coding,Rv3919c,gidB,-,Gly71Arg,gga/aga,streptomycin,Low confidence
4408009,T,G,coding,Rv3919c,gidB,-,Val65Gly,gtc/ggc,streptomycin,Low confidence
4408102,G,C,coding,Rv3919c,gidB,-,Gly34Ala,ggg/gcg,streptomycin,Low confidence
